Name,Current Playoff Probability,Playoff Probability After Next Game Win,Playoff Probability After Next Game Loss,Next Game Opponent,Next Game Win Probability,Next Game Loss Probability
ARI,0.06,0.13,0.04,DET,0.6805555555555556,0.3194444444444444
ATL,0.31,0.41,0.17,NO,0.5427435387673957,0.4572564612326044
BAL,0.76,0.78,0.68,ATL,0.3690596562184025,0.6309403437815976
BUF,0.7,0.76,0.6,LA,0.551441114716549,0.448558885283451
CAR,0.36,0.51,0.33,DET,0.6369041816941223,0.3630958183058778
CHI,0.72,0.84,0.62,GB,0.4826358742837298,0.5173641257162701
CIN,0.44,0.45,0.28,MIA,0.22849462365591394,0.771505376344086
CLE,0.58,0.73,0.49,NYJ,0.5173641257162701,0.4826358742837298
DAL,0.47,0.51,0.32,TB,0.17287630402384502,0.827123695976155
DEN,0.5,0.58,0.42,SF,0.5996387718242023,0.4003612281757977
DET,0.55,0.63,0.44,CAR,0.3630958183058778,0.6369041816941223
GB,0.24,0.34,0.14,CHI,0.5173641257162701,0.4826358742837298
HOU,0.02,0.03,0.01,TEN,0.28644876973925815,0.7135512302607419
IND,0.37,0.51,0.28,PIT,0.551441114716549,0.448558885283451
JAX,0.87,0.89,0.79,PHI,0.3835616438356164,0.6164383561643836
KC,0.88,0.92,0.79,LV,0.33635187580853815,0.6636481241914618
MIA,0.02,0.05,0.01,CIN,0.771505376344086,0.22849462365591394
MIN,0.93,0.95,0.88,NO,0.4675324675324675,0.5324675324675325
NE,0.51,0.59,0.4,LV,0.3690596562184025,0.6309403437815976
NO,0.44,0.54,0.3,ATL,0.4572564612326044,0.5427435387673957
NYG,0.63,0.76,0.53,WAS,0.593369754159424,0.4066302458405761
NYJ,0.17,0.27,0.1,CLE,0.4826358742837298,0.5173641257162701
LV,0.83,0.92,0.77,KC,0.6636481241914618,0.33635187580853815
PHI,0.31,0.37,0.23,JAX,0.6164383561643836,0.3835616438356164
PIT,0.31,0.41,0.21,IND,0.448558885283451,0.551441114716549
LAC,0.03,0.04,0.01,SEA,0.7440690150970525,0.2559309849029475
SF,0.85,0.88,0.76,DEN,0.4003612281757977,0.5996387718242023
SEA,0.61,0.65,0.49,LAC,0.2559309849029475,0.7440690150970525
LA,0.37,0.45,0.29,BUF,0.448558885283451,0.551441114716549
TB,0.04,0.09,0.03,DAL,0.827123695976155,0.17287630402384502
TEN,0.02,0.04,0.01,HOU,0.7135512302607419,0.28644876973925815
WAS,0.1,0.14,0.04,NYG,0.4066302458405761,0.593369754159424
