game_id,game_date,home_team,away_team,bookmaker,home_moneyline,away_moneyline,home_spread,home_spread_price,away_spread,away_spread_price,total_points,over_price,under_price
c327223d76a3b7b0db8c6c104442f44b,2026-10-04 20:05,Minnesota Vikings,Miami Dolphins,DraftKings,1.21,4.17,-4.5,1.66,4.5,2.14,31.5,1.97,1.78
c327223d76a3b7b0db8c6c104442f44b,2026-10-04 20:05,Minnesota Vikings,Miami Dolphins,FanDuel,1.27,3.65,-4.5,1.74,4.5,2.02,31.5,1.88,1.88
c327223d76a3b7b0db8c6c104442f44b,2026-10-04 20:05,Minnesota Vikings,Miami Dolphins,BetRivers,1.25,3.75,-5.0,2.05,5.0,1.74,31.0,1.89,1.87
c327223d76a3b7b0db8c6c104442f44b,2026-10-04 20:05,Minnesota Vikings,Miami Dolphins,MyBookie.ag,1.03,9.5,,,,,25.5,1.9,1.8
c327223d76a3b7b0db8c6c104442f44b,2026-10-04 20:05,Minnesota Vikings,Miami Dolphins,BetMGM,1.22,4.1,-5.5,2.2,5.5,1.69,31.5,1.74,2.05
c327223d76a3b7b0db8c6c104442f44b,2026-10-04 20:05,Minnesota Vikings,Miami Dolphins,Bovada,1.22,4.0,-5.0,1.83,5.0,1.91,31.5,1.8,1.95
e0cbd266dcf997089203a1b33ba0333d,2026-10-04 20:25,Las Vegas Raiders,Kansas City Chiefs,DraftKings,2.23,1.61,2.5,1.9,-2.5,1.84,38.5,1.83,1.91
e0cbd266dcf997089203a1b33ba0333d,2026-10-04 20:25,Las Vegas Raiders,Kansas City Chiefs,FanDuel,2.44,1.54,2.5,2.02,-2.5,1.74,39.5,1.85,1.89
e0cbd266dcf997089203a1b33ba0333d,2026-10-04 20:25,Las Vegas Raiders,Kansas City Chiefs,BetRivers,2.5,1.51,3.0,1.88,-3.0,1.88,39.5,1.83,1.93
e0cbd266dcf997089203a1b33ba0333d,2026-10-04 20:25,Las Vegas Raiders,Kansas City Chiefs,MyBookie.ag,2.45,1.5,3.5,1.75,-3.5,2.0,39.5,1.75,1.95
e0cbd266dcf997089203a1b33ba0333d,2026-10-04 20:25,Las Vegas Raiders,Kansas City Chiefs,BetMGM,2.38,1.57,2.5,1.98,-2.5,1.77,39.5,1.87,1.87
e0cbd266dcf997089203a1b33ba0333d,2026-10-04 20:25,Las Vegas Raiders,Kansas City Chiefs,Bovada,2.35,1.57,,,,,,,
96d2373cda647873b971f268482bced0,2026-10-04 20:25,Seattle Seahawks,Los Angeles Chargers,DraftKings,,,-21.5,1.94,21.5,1.81,49.5,1.79,1.96
96d2373cda647873b971f268482bced0,2026-10-04 20:25,Seattle Seahawks,Los Angeles Chargers,FanDuel,,,-21.5,2.02,21.5,1.74,49.5,1.89,1.85
96d2373cda647873b971f268482bced0,2026-10-04 20:25,Seattle Seahawks,Los Angeles Chargers,BetRivers,,,-22.5,1.89,22.5,1.87,50.0,1.94,1.82
96d2373cda647873b971f268482bced0,2026-10-04 20:25,Seattle Seahawks,Los Angeles Chargers,MyBookie.ag,,,-20.5,1.8,20.5,1.9,,,
96d2373cda647873b971f268482bced0,2026-10-04 20:25,Seattle Seahawks,Los Angeles Chargers,BetMGM,,,-21.5,1.93,21.5,1.83,48.5,1.83,1.93
96d2373cda647873b971f268482bced0,2026-10-04 20:25,Seattle Seahawks,Los Angeles Chargers,Bovada,,,-21.0,1.77,21.0,2.0,49.5,1.8,1.95
a7e7efb75a9792ac63480ae6328dca18,2026-10-04 20:25,San Francisco 49ers,Denver Broncos,DraftKings,1.7,2.08,-1.5,1.84,1.5,1.91,26.5,1.81,1.93
a7e7efb75a9792ac63480ae6328dca18,2026-10-04 20:25,San Francisco 49ers,Denver Broncos,FanDuel,1.64,2.22,-2.5,1.78,2.5,1.96,26.5,1.96,1.78
a7e7efb75a9792ac63480ae6328dca18,2026-10-04 20:25,San Francisco 49ers,Denver Broncos,BetRivers,1.75,2.05,-2.0,1.88,2.0,1.88,26.0,1.87,1.88
a7e7efb75a9792ac63480ae6328dca18,2026-10-04 20:25,San Francisco 49ers,Denver Broncos,MyBookie.ag,1.55,2.3,-2.5,1.7,2.5,2.05,25.5,1.8,1.9
a7e7efb75a9792ac63480ae6328dca18,2026-10-04 20:25,San Francisco 49ers,Denver Broncos,BetMGM,1.69,2.1,-2.5,1.87,2.5,1.87,26.5,1.89,1.85
a7e7efb75a9792ac63480ae6328dca18,2026-10-04 20:25,San Francisco 49ers,Denver Broncos,Bovada,1.59,2.3,-2.5,1.74,2.5,2.05,26.5,1.87,1.87
a73a76599a4f3422803e57bd8f61b626,2026-10-05 00:20,Carolina Panthers,Detroit Lions,DraftKings,2.64,1.51,3.5,2.0,-3.5,1.83,51.5,1.89,1.93
a73a76599a4f3422803e57bd8f61b626,2026-10-05 00:20,Carolina Panthers,Detroit Lions,FanDuel,2.76,1.48,3.5,1.96,-3.5,1.85,51.5,1.91,1.91
a73a76599a4f3422803e57bd8f61b626,2026-10-05 00:20,Carolina Panthers,Detroit Lions,BetUS,2.85,1.45,4.0,1.91,-4.0,1.91,52.0,1.91,1.91
a73a76599a4f3422803e57bd8f61b626,2026-10-05 00:20,Carolina Panthers,Detroit Lions,LowVig.ag,2.77,1.49,4.0,1.93,-4.0,1.98,52.0,1.96,1.91
a73a76599a4f3422803e57bd8f61b626,2026-10-05 00:20,Carolina Panthers,Detroit Lions,BetOnline.ag,2.77,1.49,3.5,1.95,-3.5,1.87,52.0,1.91,1.91
a73a76599a4f3422803e57bd8f61b626,2026-10-05 00:20,Carolina Panthers,Detroit Lions,BetRivers,2.75,1.47,3.5,1.93,-3.5,1.88,51.5,1.93,1.88
a73a76599a4f3422803e57bd8f61b626,2026-10-05 00:20,Carolina Panthers,Detroit Lions,Bovada,2.7,1.5,4.0,1.87,-4.0,1.95,52.0,1.91,1.91
a73a76599a4f3422803e57bd8f61b626,2026-10-05 00:20,Carolina Panthers,Detroit Lions,MyBookie.ag,2.82,1.46,4.0,1.91,-4.0,1.91,51.5,1.91,1.91
a73a76599a4f3422803e57bd8f61b626,2026-10-05 00:20,Carolina Panthers,Detroit Lions,BetMGM,2.7,1.48,3.5,2.0,-3.5,1.93,51.5,1.91,1.93
8bd90781e17e6d97df3941063cedae1e,2026-10-06 00:15,New Orleans Saints,Atlanta Falcons,DraftKings,1.77,2.1,-1.5,1.87,1.5,1.95,47.5,1.87,1.95
8bd90781e17e6d97df3941063cedae1e,2026-10-06 00:15,New Orleans Saints,Atlanta Falcons,BetUS,1.8,2.05,-1.0,1.83,1.0,2.0,48.0,1.91,1.91
8bd90781e17e6d97df3941063cedae1e,2026-10-06 00:15,New Orleans Saints,Atlanta Falcons,FanDuel,1.79,2.08,-2.5,1.95,2.5,1.87,47.5,1.91,1.91
8bd90781e17e6d97df3941063cedae1e,2026-10-06 00:15,New Orleans Saints,Atlanta Falcons,BetOnline.ag,1.81,2.03,-1.0,1.82,1.0,2.02,48.0,1.91,1.91
8bd90781e17e6d97df3941063cedae1e,2026-10-06 00:15,New Orleans Saints,Atlanta Falcons,LowVig.ag,1.81,2.03,-1.0,1.85,1.0,2.07,48.0,1.93,1.93
8bd90781e17e6d97df3941063cedae1e,2026-10-06 00:15,New Orleans Saints,Atlanta Falcons,BetRivers,1.74,2.1,-2.5,1.93,2.5,1.88,47.5,1.92,1.89
8bd90781e17e6d97df3941063cedae1e,2026-10-06 00:15,New Orleans Saints,Atlanta Falcons,MyBookie.ag,1.76,2.07,-2.0,1.91,2.0,1.91,48.0,1.91,1.91
8bd90781e17e6d97df3941063cedae1e,2026-10-06 00:15,New Orleans Saints,Atlanta Falcons,BetMGM,1.77,2.1,-1.5,1.91,1.5,1.93,47.5,1.91,1.93
8bd90781e17e6d97df3941063cedae1e,2026-10-06 00:15,New Orleans Saints,Atlanta Falcons,Bovada,1.8,2.05,-1.5,1.91,1.5,1.91,48.0,1.91,1.91
259b5df9aa0d10257f56de78523495e0,2026-10-09 00:15,Dallas Cowboys,Tampa Bay Buccaneers,DraftKings,1.16,5.55,-10.0,1.91,10.0,1.91,47.5,1.91,1.91
259b5df9aa0d10257f56de78523495e0,2026-10-09 00:15,Dallas Cowboys,Tampa Bay Buccaneers,FanDuel,1.18,5.1,-9.5,1.87,9.5,1.95,46.5,1.85,1.96
259b5df9aa0d10257f56de78523495e0,2026-10-09 00:15,Dallas Cowboys,Tampa Bay Buccaneers,BetRivers,1.16,5.4,-9.5,1.88,9.5,1.93,46.5,1.88,1.93
21b26266f3d78af02eb672e606275d95,2026-10-11 13:30,Jacksonville Jaguars,Philadelphia Eagles,DraftKings,1.56,2.5,-3.5,1.95,3.5,1.87,42.5,1.91,1.91
21b26266f3d78af02eb672e606275d95,2026-10-11 13:30,Jacksonville Jaguars,Philadelphia Eagles,FanDuel,1.57,2.46,-3.5,1.96,3.5,1.85,43.5,1.95,1.87
21b26266f3d78af02eb672e606275d95,2026-10-11 13:30,Jacksonville Jaguars,Philadelphia Eagles,BetRivers,1.56,2.47,-3.5,1.96,3.5,1.85,43.5,1.89,1.92
2caea57b1e5cfbba1334cfbfd46f6771,2026-10-11 17:00,Green Bay Packers,Chicago Bears,DraftKings,1.98,1.85,1.5,1.87,-1.5,1.95,44.5,1.91,1.91
2caea57b1e5cfbba1334cfbfd46f6771,2026-10-11 17:00,Green Bay Packers,Chicago Bears,FanDuel,1.86,1.98,-1.5,1.96,1.5,1.85,43.5,1.85,1.96
2caea57b1e5cfbba1334cfbfd46f6771,2026-10-11 17:00,Green Bay Packers,Chicago Bears,BetRivers,1.89,1.92,-1.0,1.95,1.0,1.85,43.5,1.92,1.89
c4647ca1201e6768501877267ca8251b,2026-10-11 17:00,Miami Dolphins,Cincinnati Bengals,DraftKings,4.2,1.24,7.5,1.91,-7.5,1.91,45.5,1.91,1.91
c4647ca1201e6768501877267ca8251b,2026-10-11 17:00,Miami Dolphins,Cincinnati Bengals,FanDuel,4.3,1.24,7.5,1.91,-7.5,1.91,45.5,1.96,1.85
c4647ca1201e6768501877267ca8251b,2026-10-11 17:00,Miami Dolphins,Cincinnati Bengals,BetRivers,4.25,1.23,7.5,1.88,-7.5,1.93,45.5,1.93,1.88
9db4ed15fe34fca1fb62f040cd244591,2026-10-11 17:00,New York Jets,Cleveland Browns,DraftKings,1.85,1.98,-1.5,1.95,1.5,1.87,39.5,1.91,1.91
9db4ed15fe34fca1fb62f040cd244591,2026-10-11 17:00,New York Jets,Cleveland Browns,FanDuel,1.85,2.0,-1.5,1.95,1.5,1.87,40.5,1.96,1.85
9db4ed15fe34fca1fb62f040cd244591,2026-10-11 17:00,New York Jets,Cleveland Browns,BetRivers,1.79,2.05,-1.5,1.91,1.5,1.91,40.5,1.93,1.88
cc52bba56e74f5cddbe9011046181c3d,2026-10-11 17:00,Tennessee Titans,Houston Texans,DraftKings,3.35,1.34,6.5,1.87,-6.5,1.95,40.5,1.91,1.91
cc52bba56e74f5cddbe9011046181c3d,2026-10-11 17:00,Tennessee Titans,Houston Texans,FanDuel,3.6,1.31,6.5,1.95,-6.5,1.87,39.5,1.95,1.87
cc52bba56e74f5cddbe9011046181c3d,2026-10-11 17:00,Tennessee Titans,Houston Texans,BetRivers,3.5,1.32,6.5,1.89,-6.5,1.92,39.0,1.89,1.92
448d7cf18c6db4c811ed82ded1b72867,2026-10-11 17:00,Pittsburgh Steelers,Indianapolis Colts,DraftKings,1.74,2.14,-2.5,1.91,2.5,1.91,44.5,1.91,1.91
448d7cf18c6db4c811ed82ded1b72867,2026-10-11 17:00,Pittsburgh Steelers,Indianapolis Colts,FanDuel,1.82,2.04,-1.5,1.91,1.5,1.91,43.5,1.87,1.95
448d7cf18c6db4c811ed82ded1b72867,2026-10-11 17:00,Pittsburgh Steelers,Indianapolis Colts,BetRivers,1.75,2.1,-2.0,1.91,2.0,1.91,43.5,1.93,1.88
fbffd0b7722fd81d68d5d62472dc80e8,2026-10-11 17:00,Washington Commanders,New York Giants,DraftKings,1.62,2.36,-3.0,1.91,3.0,1.91,44.5,1.91,1.91
fbffd0b7722fd81d68d5d62472dc80e8,2026-10-11 17:00,Washington Commanders,New York Giants,FanDuel,1.51,2.64,-3.5,1.91,3.5,1.91,44.5,1.96,1.85
fbffd0b7722fd81d68d5d62472dc80e8,2026-10-11 17:00,Washington Commanders,New York Giants,BetRivers,1.53,2.55,-3.5,1.94,3.5,1.87,44.0,1.92,1.89
d1d408fdfd272046fb517fe992a1c5a0,2026-10-11 20:05,Los Angeles Chargers,Denver Broncos,DraftKings,2.6,1.52,3.5,1.91,-3.5,1.91,43.5,1.91,1.91
d1d408fdfd272046fb517fe992a1c5a0,2026-10-11 20:05,Los Angeles Chargers,Denver Broncos,FanDuel,2.42,1.6,3.0,1.95,-3.0,1.87,43.5,1.95,1.87
d1d408fdfd272046fb517fe992a1c5a0,2026-10-11 20:05,Los Angeles Chargers,Denver Broncos,BetRivers,2.47,1.56,3.5,1.85,-3.5,1.95,43.0,1.88,1.93
f8e7f43f73aa983c5c99c189587f0118,2026-10-11 20:25,Arizona Cardinals,Detroit Lions,DraftKings,3.0,1.41,5.5,1.91,-5.5,1.91,53.5,1.91,1.91
f8e7f43f73aa983c5c99c189587f0118,2026-10-11 20:25,Arizona Cardinals,Detroit Lions,FanDuel,3.15,1.38,5.5,1.91,-5.5,1.91,53.5,1.96,1.85
8e5d515b10d8a5ffb324640ed60bcc55,2026-10-11 20:25,Seattle Seahawks,San Francisco 49ers,DraftKings,1.65,2.3,-3.0,1.95,3.0,1.87,46.5,1.91,1.91
8e5d515b10d8a5ffb324640ed60bcc55,2026-10-11 20:25,Seattle Seahawks,San Francisco 49ers,FanDuel,1.56,2.52,-3.5,1.95,3.5,1.87,47.5,1.96,1.85
e6d00eedd87d367e510314bd8cab8f6f,2026-10-13 00:15,Los Angeles Rams,Buffalo Bills,DraftKings,1.74,2.14,-2.5,1.91,2.5,1.91,53.5,1.91,1.91
e6d00eedd87d367e510314bd8cab8f6f,2026-10-13 00:15,Los Angeles Rams,Buffalo Bills,FanDuel,1.72,2.18,-2.5,1.91,2.5,1.91,53.5,1.91,1.91
